Original;Split;Latitude;Longitude;Lat+Lon
60,780941,24,163139,1;24,163139,1;60,780941;24,163139;
60,647671,21,8022,2;21,8022,2;60,647671;21,8022;
64,63678,25,64143,3;25,64143,3;64,63678;25,64143;
61,846859,29,183229,4;29,183229,4;61,846859;29,183229;
61,981091,23,005289,5;23,005289,5;61,981091;23,005289;
62,527279,27,663,6;27,663,6;62,527279;27,663;
62,131729,27,83873,7;27,83873,7;62,131729;27,83873;
61,155762,22,72916,8;22,72916,8;61,155762;22,72916;
60,213348,24,94323,9;24,94323,9;60,213348;24,94323;
60,967361,25,46487,10;25,46487,10;60,967361;25,46487;
63,133839,27,78874,11;27,78874,11;63,133839;27,78874;
60,922321,27,543421,12;27,543421,12;60,922321;27,543421;
61,263611,21,7068,13;21,7068,13;61,263611;21,7068;
61,848949,22,930849,14;22,930849,14;61,848949;22,930849;
63,835339,23,166071,15;23,166071,15;63,835339;23,166071;
64,006371,23,5368,16;23,5368,16;64,006371;23,5368;
62,30867,30,122681,17;30,122681,17;62,30867;30,122681;
61,12561,21,613991,18;21,613991,18;61,12561;21,613991;
64,24617,23,875799,19;23,875799,19;64,24617;23,875799;
62,3125,30,12361,20;30,12361,20;62,3125;30,12361;
60,25148,25,13328,21;25,13328,21;60,25148;25,13328;
65,342407,25,36833,22;25,36833,22;65,342407;25,36833;
60,92844,26,08194,23;26,08194,23;60,92844;26,08194;
61,752529,27,146931,24;27,146931,24;61,752529;27,146931;
62,23222,25,734171,25;25,734171,25;62,23222;25,734171;
61,235989,24,4419,26;24,4419,26;61,235989;24,4419;
64,567383,24,39032,27;24,39032,27;64,567383;24,39032;
60,781849,26,82378,28;26,82378,28;60,781849;26,82378;
61,643719,27,091061,29;27,091061,29;61,643719;27,091061;
61,203339,21,726919,30;21,726919,30;61,203339;21,726919;
61,29623,22,15605,31;22,15605,31;61,29623;22,15605;
60,44614,24,511299,32;24,511299,32;60,44614;24,511299;
61,35936,23,09103,33;23,09103,33;61,35936;23,09103;
66,431541,25,48452,34;25,48452,34;66,431541;25,48452;
61,639999,27,07444,35;27,07444,35;61,639999;27,07444;
63,849178,23,19313,36;23,19313,36;63,849178;23,19313;
61,498051,23,90859,37;23,90859,37;61,498051;23,90859;
62,658699,29,158569,38;29,158569,38;62,658699;29,158569;
60,53944,22,56139,39;22,56139,39;60,53944;22,56139;
61,88451,28,756069,40;28,756069,40;61,88451;28,756069;
60,243519,24,06604,41;24,06604,41;60,243519;24,06604;
63,197632,22,07288,42;22,07288,42;63,197632;22,07288;
62,439919,27,80493,43;27,80493,43;62,439919;27,80493;
62,634972,27,61272,44;27,61272,44;62,634972;27,61272;
61,580139,27,26053,45;27,26053,45;61,580139;27,26053;
61,126331,24,815319,46;24,815319,46;61,126331;24,815319;
59,906349,23,233061,47;23,233061,47;59,906349;23,233061;
60,505932,22,1366,48;22,1366,48;60,505932;22,1366;
60,274689,25,08531,49;25,08531,49;60,274689;25,08531;
61,13345,21,55201,50;21,55201,50;61,13345;21,55201;
63,210419,22,17383,51;22,17383,51;63,210419;22,17383;
60,406971,24,45064,52;24,45064,52;60,406971;24,45064;
60,718891,26,85556,53;26,85556,53;60,718891;26,85556;
60,317879,24,70875,54;24,70875,54;60,317879;24,70875;
60,509449,24,630989,55;24,630989,55;60,509449;24,630989;
61,13139,22,145041,56;22,145041,56;61,13139;22,145041;
65,182968,26,13821,57;26,13821,57;65,182968;26,13821;
63,15992,21,958031,58;21,958031,58;63,15992;21,958031;
61,026772,25,675381,59;25,675381,59;61,026772;25,675381;
61,498249,23,89016,60;23,89016,60;61,498249;23,89016;
61,802391,29,31909,61;29,31909,61;61,802391;29,31909;
60,949051,25,42206,62;25,42206,62;60,949051;25,42206;
62,648201,27,26984,63;27,26984,63;62,648201;27,26984;
61,766491,29,3682,64;29,3682,64;61,766491;29,3682;
61,929272,29,2703,65;29,2703,65;61,929272;29,2703;
61,29731,24,309019,66;24,309019,66;61,29731;24,309019;
60,91288,27,345079,67;27,345079,67;60,91288;27,345079;
60,48336,24,29217,68;24,29217,68;60,48336;24,29217;
64,66214,24,47213,69;24,47213,69;64,66214;24,47213;
61,397942,21,69788,70;21,69788,70;61,397942;21,69788;
62,416039,22,79067,71;22,79067,71;62,416039;22,79067;
60,07626,23,75671,72;23,75671,72;60,07626;23,75671;
64,459328,24,257299,73;24,257299,73;64,459328;24,257299;
59,982159,23,43844,74;23,43844,74;59,982159;23,43844;
63,124119,27,76996,75;27,76996,75;63,124119;27,76996;
66,43219,25,45546,76;25,45546,76;66,43219;25,45546;
62,149311,25,67482,77;25,67482,77;62,149311;25,67482;
63,20216,27,53747,78;27,53747,78;63,20216;27,53747;
61,093109,27,07354,79;27,07354,79;61,093109;27,07354;
62,962502,23,048889,80;23,048889,80;62,962502;23,048889;
63,66819,27,063061,81;27,063061,81;63,66819;27,063061;
62,59267,22,53046,82;22,53046,82;62,59267;22,53046;
66,623161,26,202921,83;26,202921,83;66,623161;26,202921;
62,303299,27,850771,84;27,850771,84;62,303299;27,850771;
60,543468,22,042061,85;22,042061,85;60,543468;22,042061;
60,7374,21,928551,86;21,928551,86;60,7374;21,928551;
61,494659,23,76965,87;23,76965,87;61,494659;23,76965;
62,490379,28,372881,88;28,372881,88;62,490379;28,372881;
60,377892,24,521879,89;24,521879,89;60,377892;24,521879;
62,715328,29,86903,90;29,86903,90;62,715328;29,86903;
65,460831,25,37734,91;25,37734,91;65,460831;25,37734;
61,334999,23,017,92;23,017,92;61,334999;23,017;
65,39872,27,31007,93;27,31007,93;65,39872;27,31007;
60,308552,24,733641,94;24,733641,94;60,308552;24,733641;
61,58696,27,26078,95;27,26078,95;61,58696;27,26078;
63,66161,26,610991,96;26,610991,96;63,66161;26,610991;
61,473358,27,255501,97;27,255501,97;61,473358;27,255501;
62,370899,28,10713,98;28,10713,98;62,370899;28,10713;
60,979599,25,63978,99;25,63978,99;60,979599;25,63978;
60,681419,21,99659,100;21,99659,100;60,681419;21,99659;
60,519691,22,10334,101;22,10334,101;60,519691;22,10334;
62,793812,30,088699,102;30,088699,102;62,793812;30,088699;
62,112049,23,01675,103;23,01675,103;62,112049;23,01675;
62,480621,26,869749,104;26,869749,104;62,480621;26,869749;
62,277649,22,9118,105;22,9118,105;62,277649;22,9118;
60,440689,24,977289,106;24,977289,106;60,440689;24,977289;
62,613331,27,07222,107;27,07222,107;62,613331;27,07222;
62,559711,27,6206,108;27,6206,108;62,559711;27,6206;
60,972111,25,717279,109;25,717279,109;60,972111;25,717279;
65,13118,25,79583,110;25,79583,110;65,13118;25,79583;
60,385529,25,14712,111;25,14712,111;60,385529;25,14712;
63,15007,27,6014,112;27,6014,112;63,15007;27,6014;
62,639702,27,21876,113;27,21876,113;62,639702;27,21876;
61,172569,22,5145,114;22,5145,114;61,172569;22,5145;
60,16711,23,954399,115;23,954399,115;60,16711;23,954399;
60,852718,23,037081,116;23,037081,116;60,852718;23,037081;
63,196079,22,07061,117;22,07061,117;63,196079;22,07061;
64,067932,23,658899,118;23,658899,118;64,067932;23,658899;
64,286293,25,87064,119;25,87064,119;64,286293;25,87064;
60,08189,24,17779,120;24,17779,120;60,08189;24,17779;
60,062191,23,848591,121;23,848591,121;60,062191;23,848591;
62,492908,27,76268,122;27,76268,122;62,492908;27,76268;
62,436939,26,76417,123;26,76417,123;62,436939;26,76417;
63,67244,27,049829,124;27,049829,124;63,67244;27,049829;
61,477921,26,747499,125;26,747499,125;61,477921;26,747499;
59,98761,23,47925,126;23,47925,126;59,98761;23,47925;
60,062851,23,85391,127;23,85391,127;60,062851;23,85391;
65,202782,26,29917,128;26,29917,128;65,202782;26,29917;
61,770901,27,12307,129;27,12307,129;61,770901;27,12307;
60,995281,23,139721,130;23,139721,130;60,995281;23,139721;
60,56485,22,0028,131;22,0028,131;60,56485;22,0028;
65,200829,26,289169,132;26,289169,132;65,200829;26,289169;
61,582401,27,007219,133;27,007219,133;61,582401;27,007219;
61,012829,27,990749,134;27,990749,134;61,012829;27,990749;
61,505779,21,70306,135;21,70306,135;61,505779;21,70306;
62,548889,27,622499,136;27,622499,136;62,548889;27,622499;
62,69722,27,474171,137;27,474171,137;62,69722;27,474171;
60,17889,21,59333,138;21,59333,138;60,17889;21,59333;
63,098068,27,734039,139;27,734039,139;63,098068;27,734039;
63,13842,27,84745,140;27,84745,140;63,13842;27,84745;
61,042599,26,54977,141;26,54977,141;61,042599;26,54977;
60,918282,23,1975,142;23,1975,142;60,918282;23,1975;
62,911888,22,584101,143;22,584101,143;62,911888;22,584101;
60,923672,26,10656,144;26,10656,144;60,923672;26,10656;
60,383949,22,383301,145;22,383301,145;60,383949;22,383301;
61,913052,28,59304,146;28,59304,146;61,913052;28,59304;
63,082081,27,694111,147;27,694111,147;63,082081;27,694111;
60,388889,24,50482,148;24,50482,148;60,388889;24,50482;
61,898361,28,680759,149;28,680759,149;61,898361;28,680759;
63,105282,27,42956,150;27,42956,150;63,105282;27,42956;
63,642719,27,23963,151;27,23963,151;63,642719;27,23963;
60,683151,21,9939,152;21,9939,152;60,683151;21,9939;
63,302132,27,451229,153;27,451229,153;63,302132;27,451229;
60,884392,26,731171,154;26,731171,154;60,884392;26,731171;
60,889149,26,353359,155;26,353359,155;60,889149;26,353359;
61,36681,26,264231,156;26,264231,156;61,36681;26,264231;
60,511391,22,472759,157;22,472759,157;60,511391;22,472759;
63,040169,21,555479,158;21,555479,158;63,040169;21,555479;
62,508389,22,72617,159;22,72617,159;62,508389;22,72617;
61,973331,27,80389,160;27,80389,160;61,973331;27,80389;
61,08868,27,06645,161;27,06645,161;61,08868;27,06645;
61,151169,22,249969,162;22,249969,162;61,151169;22,249969;
62,63401,29,32048,163;29,32048,163;62,63401;29,32048;
62,971432,23,02861,164;23,02861,164;62,971432;23,02861;
60,873341,26,609171,165;26,609171,165;60,873341;26,609171;
63,624668,27,224831,166;27,224831,166;63,624668;27,224831;
61,107101,23,611799,167;23,611799,167;61,107101;23,611799;
61,509548,21,757259,168;21,757259,168;61,509548;21,757259;
63,65958,26,60364,169;26,60364,169;63,65958;26,60364;
60,9491,25,835911,170;25,835911,170;60,9491;25,835911;
61,159569,24,684999,171;24,684999,171;61,159569;24,684999;
61,531448,23,633249,172;23,633249,172;61,531448;23,633249;
63,07114,27,63011,173;27,63011,173;63,07114;27,63011;
62,824169,22,92028,174;22,92028,174;62,824169;22,92028;
60,370972,25,33717,175;25,33717,175;60,370972;25,33717;
60,591061,24,10803,176;24,10803,176;60,591061;24,10803;
60,847641,26,695801,177;26,695801,177;60,847641;26,695801;
64,733452,25,56867,178;25,56867,178;64,733452;25,56867;
61,923012,27,807581,179;27,807581,179;61,923012;27,807581;
63,25053,27,480551,180;27,480551,180;63,25053;27,480551;
62,357601,30,104851,181;30,104851,181;62,357601;30,104851;
60,512218,24,9275,182;24,9275,182;60,512218;24,9275;
60,554722,24,78194,183;24,78194,183;60,554722;24,78194;
60,5858,24,83717,184;24,83717,184;60,5858;24,83717;
60,707031,22,737419,185;22,737419,185;60,707031;22,737419;
62,46619,29,990761,186;29,990761,186;62,46619;29,990761;
62,947338,22,51767,187;22,51767,187;62,947338;22,51767;
61,214561,22,700451,188;22,700451,188;61,214561;22,700451;
65,429878,27,54455,189;27,54455,189;65,429878;27,54455;
62,514969,29,890499,190;29,890499,190;62,514969;29,890499;
65,291199,90,191;90,191;65,291199;90,191;
60,438061,24,98139,192;24,98139,192;60,438061;24,98139;
61,153542,25,59333,193;25,59333,193;61,153542;25,59333;
60,975281,23,41568,194;23,41568,194;60,975281;23,41568;
66,146118,24,965191,195;24,965191,195;66,146118;24,965191;
60,91328,26,178921,196;26,178921,196;60,91328;26,178921;
63,733662,26,98959,197;26,98959,197;63,733662;26,98959;
60,9795,25,61768,198;25,61768,198;60,9795;25,61768;
64,638489,24,44051,199;24,44051,199;64,638489;24,44051;
60,372028,24,378611,200;24,378611,200;60,372028;24,378611;
63,946121,23,45635,201;23,45635,201;63,946121;23,45635;
60,28841,24,97904,202;24,97904,202;60,28841;24,97904;
60,096939,24,28694,203;24,28694,203;60,096939;24,28694;
60,073212,23,70549,204;23,70549,204;60,073212;23,70549;
64,47448,24,268629,205;24,268629,205;64,47448;24,268629;
62,742298,29,866751,206;29,866751,206;62,742298;29,866751;
61,381672,26,306391,207;26,306391,207;61,381672;26,306391;
65,282097,26,79443,208;26,79443,208;65,282097;26,79443;
62,73719,29,981331,209;29,981331,209;62,73719;29,981331;
62,559978,30,168871,210;30,168871,210;62,559978;30,168871;
60,90395,27,11573,211;27,11573,211;60,90395;27,11573;
61,20351,21,727501,212;21,727501,212;61,20351;21,727501;
60,531109,24,92083,213;24,92083,213;60,531109;24,92083;
63,309219,27,448811,214;27,448811,214;63,309219;27,448811;
63,138851,21,75943,215;21,75943,215;63,138851;21,75943;
60,41222,24,45417,216;24,45417,216;60,41222;24,45417;
61,729462,23,1322,217;23,1322,217;61,729462;23,1322;
61,65369,27,262079,218;27,262079,218;61,65369;27,262079;
66,621223,26,192671,219;26,192671,219;66,621223;26,192671;
60,281361,25,04303,220;25,04303,220;60,281361;25,04303;
61,178211,22,577,221;22,577,221;61,178211;22,577;
63,603802,27,08251,222;27,08251,222;63,603802;27,08251;
62,011059,23,017969,223;23,017969,223;62,011059;23,017969;
60,369228,25,325121,224;25,325121,224;60,369228;25,325121;
60,798779,21,85627,225;21,85627,225;60,798779;21,85627;
62,313629,27,99613,226;27,99613,226;62,313629;27,99613;
63,614449,26,96196,227;26,96196,227;63,614449;26,96196;
61,883259,29,08049,228;29,08049,228;61,883259;29,08049;
61,42569,21,876591,229;21,876591,229;61,42569;21,876591;
60,22324,24,664961,230;24,664961,230;60,22324;24,664961;
64,657379,25,615891,231;25,615891,231;64,657379;25,615891;
60,951302,25,820669,232;25,820669,232;60,951302;25,820669;
61,260342,22,26358,233;22,26358,233;61,260342;22,26358;
63,70985,22,9844,234;22,9844,234;63,70985;22,9844;
63,16069,21,844469,235;21,844469,235;63,16069;21,844469;
62,518929,29,8703,236;29,8703,236;62,518929;29,8703;
62,350151,27,818029,237;27,818029,237;62,350151;27,818029;
64,180077,25,80385,238;25,80385,238;64,180077;25,80385;
61,434551,26,603991,239;26,603991,239;61,434551;26,603991;
62,78347,29,85483,240;29,85483,240;62,78347;29,85483;
61,764839,23,02006,241;23,02006,241;61,764839;23,02006;
61,877659,28,96117,242;28,96117,242;61,877659;28,96117;
61,039181,25,667431,243;25,667431,243;61,039181;25,667431;
60,87529,21,691971,244;21,691971,244;60,87529;21,691971;
61,264149,21,706791,245;21,706791,245;61,264149;21,706791;
62,093472,29,960171,246;29,960171,246;62,093472;29,960171;
63,606491,27,141911,247;27,141911,247;63,606491;27,141911;
64,664711,25,607349,248;25,607349,248;64,664711;25,607349;
63,667881,27,290091,249;27,290091,249;63,667881;27,290091;
61,050411,25,011169,250;25,011169,250;61,050411;25,011169;
63,86689,23,343349,251;23,343349,251;63,86689;23,343349;
63,088531,21,622181,252;21,622181,252;63,088531;21,622181;
59,867432,23,073099,253;23,073099,253;59,867432;23,073099;
65,429176,27,519751,254;27,519751,254;65,429176;27,519751;
62,93047,28,01742,255;28,01742,255;62,93047;28,01742;
60,518269,22,10816,256;22,10816,256;60,518269;22,10816;
63,58926,22,75206,257;22,75206,257;63,58926;22,75206;
61,36734,21,985519,258;21,985519,258;61,36734;21,985519;
64,754379,25,55131,259;25,55131,259;64,754379;25,55131;
61,526031,26,853889,260;26,853889,260;61,526031;26,853889;
64,509804,25,65803,261;25,65803,261;64,509804;25,65803;
61,82597,29,24119,262;29,24119,262;61,82597;29,24119;
61,026119,25,10787,263;25,10787,263;61,026119;25,10787;
61,155991,21,58255,264;21,58255,264;61,155991;21,58255;
60,887909,26,897091,265;26,897091,265;60,887909;26,897091;
62,660831,27,348061,266;27,348061,266;62,660831;27,348061;
60,987099,25,399771,267;25,399771,267;60,987099;25,399771;
61,75367,27,549061,268;27,549061,268;61,75367;27,549061;
63,355831,27,41333,269;27,41333,269;63,355831;27,41333;
65,27504,26,85997,270;26,85997,270;65,27504;26,85997;
61,826698,27,0595,271;27,0595,271;61,826698;27,0595;
63,194321,27,54081,272;27,54081,272;63,194321;27,54081;
62,144161,25,6728,273;25,6728,273;62,144161;25,6728;
60,766109,24,25058,274;24,25058,274;60,766109;24,25058;
61,429901,21,735849,275;21,735849,275;61,429901;21,735849;
61,011108,23,0825,276;23,0825,276;61,011108;23,0825;
64,573227,24,396891,277;24,396891,277;64,573227;24,396891;
61,844769,25,143471,278;25,143471,278;61,844769;25,143471;
61,660599,21,96916,279;21,96916,279;61,660599;21,96916;
61,026649,23,497049,280;23,497049,280;61,026649;23,497049;
61,131302,22,12245,281;22,12245,281;61,131302;22,12245;
63,121189,27,38553,282;27,38553,282;63,121189;27,38553;
61,908569,29,26082,283;29,26082,283;61,908569;29,26082;
61,123989,21,95417,284;21,95417,284;61,123989;21,95417;
60,303452,22,29265,285;22,29265,285;60,303452;22,29265;
60,924049,26,79283,286;26,79283,286;60,924049;26,79283;
62,728748,22,59333,287;22,59333,287;62,728748;22,59333;
65,591393,25,195829,288;25,195829,288;65,591393;25,195829;
65,267502,26,553061,289;26,553061,289;65,267502;26,553061;
59,97139,23,38553,290;23,38553,290;59,97139;23,38553;
60,757011,24,753799,291;24,753799,291;60,757011;24,753799;
62,745338,29,99678,292;29,99678,292;62,745338;29,99678;
62,791302,22,74176,293;22,74176,293;62,791302;22,74176;
60,831558,22,99308,294;22,99308,294;60,831558;22,99308;
61,46817,23,520781,295;23,520781,295;61,46817;23,520781;
60,364632,25,259069,296;25,259069,296;60,364632;25,259069;
60,469749,24,30658,297;24,30658,297;60,469749;24,30658;
63,103378,21,64472,298;21,64472,298;63,103378;21,64472;
61,898811,27,812469,299;27,812469,299;61,898811;27,812469;
61,08596,24,92099,300;24,92099,300;61,08596;24,92099;
62,642078,27,373871,301;27,373871,301;62,642078;27,373871;
62,396229,28,151621,302;28,151621,302;62,396229;28,151621;
63,252449,27,47827,303;27,47827,303;63,252449;27,47827;
63,862381,23,26263,304;23,26263,304;63,862381;23,26263;
62,71785,29,905661,305;29,905661,305;62,71785;29,905661;
60,732391,24,389641,306;24,389641,306;60,732391;24,389641;
66,139832,24,942471,307;24,942471,307;66,139832;24,942471;
61,012032,25,172251,308;25,172251,308;61,012032;25,172251;
63,743439,26,9877,309;26,9877,309;63,743439;26,9877;
61,135712,22,171419,310;22,171419,310;61,135712;22,171419;
62,232609,25,734739,311;25,734739,311;62,232609;25,734739;
60,175838,24,917919,312;24,917919,312;60,175838;24,917919;
61,179131,21,65954,313;21,65954,313;61,179131;21,65954;
60,341461,24,30452,314;24,30452,314;60,341461;24,30452;
63,830681,23,147461,315;23,147461,315;63,830681;23,147461;
61,812309,27,61433,316;27,61433,316;61,812309;27,61433;
60,655281,26,887501,317;26,887501,317;60,655281;26,887501;
66,545113,25,85062,318;25,85062,318;66,545113;25,85062;
61,358749,23,089439,319;23,089439,319;61,358749;23,089439;
60,486389,24,574169,320;24,574169,320;60,486389;24,574169;
65,608383,25,178089,321;25,178089,321;65,608383;25,178089;
61,897121,29,202869,322;29,202869,322;61,897121;29,202869;
60,274731,25,086281,323;25,086281,323;60,274731;25,086281;
60,658821,22,035509,324;22,035509,324;60,658821;22,035509;
61,880871,29,04081,325;29,04081,325;61,880871;29,04081;
61,838509,27,66033,326;27,66033,326;61,838509;27,66033;
59,956089,23,365749,327;23,365749,327;59,956089;23,365749;
60,341648,25,46862,328;25,46862,328;60,341648;25,46862;
62,022411,25,576429,329;25,576429,329;62,022411;25,576429;
60,70953,22,74806,330;22,74806,330;60,70953;22,74806;
60,541512,22,04607,331;22,04607,331;60,541512;22,04607;
61,31374,22,10849,332;22,10849,332;61,31374;22,10849;
60,27713,24,81365,333;24,81365,333;60,27713;24,81365;
61,365311,21,64785,334;21,64785,334;61,365311;21,64785;
63,103439,27,433861,335;27,433861,335;63,103439;27,433861;
60,288059,22,26083,336;22,26083,336;60,288059;22,26083;
60,7258,24,51351,337;24,51351,337;60,7258;24,51351;
62,404362,30,089701,338;30,089701,338;62,404362;30,089701;
61,87146,28,95023,339;28,95023,339;61,87146;28,95023;
62,407249,28,165199,340;28,165199,340;62,407249;28,165199;
60,35392,24,328609,341;24,328609,341;60,35392;24,328609;
63,622589,26,763969,342;26,763969,342;63,622589;26,763969;
61,79306,27,59779,343;27,59779,343;61,79306;27,59779;
63,426498,27,329201,344;27,329201,344;63,426498;27,329201;
61,106251,25,64175,345;25,64175,345;61,106251;25,64175;
63,088749,21,62215,346;21,62215,346;63,088749;21,62215;
60,951611,27,753969,347;27,753969,347;60,951611;27,753969;
62,334591,28,03109,348;28,03109,348;62,334591;28,03109;
61,57917,27,00333,349;27,00333,349;61,57917;27,00333;
60,10479,24,368179,350;24,368179,350;60,10479;24,368179;
60,95948,26,863729,351;26,863729,351;60,95948;26,863729;
60,151821,24,543079,352;24,543079,352;60,151821;24,543079;
62,682411,22,481131,353;22,481131,353;62,682411;22,481131;
61,09753,21,850611,354;21,850611,354;61,09753;21,850611;
64,800377,25,6535,355;25,6535,355;64,800377;25,6535;
61,065708,25,669559,356;25,669559,356;61,065708;25,669559;
61,557499,23,549721,357;23,549721,357;61,557499;23,549721;
61,644619,23,187651,358;23,187651,358;61,644619;23,187651;
60,4147,25,00145,359;25,00145,359;60,4147;25,00145;
62,137772,30,03838,360;30,03838,360;62,137772;30,03838;
60,193829,21,90325,361;21,90325,361;60,193829;21,90325;
61,3853,26,31559,362;26,31559,362;61,3853;26,31559;
61,879871,29,11046,363;29,11046,363;61,879871;29,11046;
63,122021,21,71167,364;21,71167,364;63,122021;21,71167;
63,00404,22,14266,365;22,14266,365;63,00404;22,14266;
63,454811,27,316971,366;27,316971,366;63,454811;27,316971;
66,415817,25,41231,367;25,41231,367;66,415817;25,41231;
60,185871,24,57136,368;24,57136,368;60,185871;24,57136;
61,0513,25,667971,369;25,667971,369;61,0513;25,667971;
60,620468,25,00132,370;25,00132,370;60,620468;25,00132;
60,596581,24,09231,371;24,09231,371;60,596581;24,09231;
61,895031,27,88764,372;27,88764,372;61,895031;27,88764;
61,202229,24,52096,373;24,52096,373;61,202229;24,52096;
60,82975,22,98814,374;22,98814,374;60,82975;22,98814;
60,395451,25,10128,375;25,10128,375;60,395451;25,10128;
62,078609,29,941111,376;29,941111,376;62,078609;29,941111;
63,081612,27,569441,377;27,569441,377;63,081612;27,569441;
66,173332,25,235689,378;25,235689,378;66,173332;25,235689;
61,02887,23,498199,379;23,498199,379;61,02887;23,498199;
65,34436,25,368839,380;25,368839,380;65,34436;25,368839;
61,538792,21,617559,381;21,617559,381;61,538792;21,617559;
62,973431,22,381029,382;22,381029,382;62,973431;22,381029;
62,866589,28,356649,383;28,356649,383;62,866589;28,356649;
61,40831,24,1647,384;24,1647,384;61,40831;24,1647;
62,127689,25,662439,385;25,662439,385;62,127689;25,662439;
60,09618,24,258209,386;24,258209,386;60,09618;24,258209;
61,495541,21,822041,387;21,822041,387;61,495541;21,822041;
60,578079,24,137421,388;24,137421,388;60,578079;24,137421;
61,63139,23,205561,389;23,205561,389;61,63139;23,205561;
60,36467,25,26202,390;25,26202,390;60,36467;25,26202;
64,776871,25,54817,391;25,54817,391;64,776871;25,54817;
60,98637,25,510441,392;25,510441,392;60,98637;25,510441;
62,323029,28,007,393;28,007,393;62,323029;28,007;
60,92926,27,63534,394;27,63534,394;60,92926;27,63534;
64,398567,25,833151,395;25,833151,395;64,398567;25,833151;
61,524109,21,802811,396;21,802811,396;61,524109;21,802811;
62,645828,27,178049,397;27,178049,397;62,645828;27,178049;
60,47541,22,36657,398;22,36657,398;60,47541;22,36657;
61,578541,23,469379,399;23,469379,399;61,578541;23,469379;
63,14233,27,333139,400;27,333139,400;63,14233;27,333139;
60,624561,21,90451,401;21,90451,401;60,624561;21,90451;
61,014809,26,951891,402;26,951891,402;61,014809;26,951891;
63,489922,27,281799,403;27,281799,403;63,489922;27,281799;
60,744862,24,652361,404;24,652361,404;60,744862;24,652361;
61,108898,25,64179,405;25,64179,405;61,108898;25,64179;
62,910191,22,58927,406;22,58927,406;62,910191;22,58927;
61,887531,27,794609,407;27,794609,407;61,887531;27,794609;
60,383518,25,16173,408;25,16173,408;60,383518;25,16173;
62,633629,29,378929,409;29,378929,409;62,633629;29,378929;
61,654362,27,15394,410;27,15394,410;61,654362;27,15394;
60,28191,25,035,411;25,035,411;60,28191;25,035;
62,617748,29,553129,412;29,553129,412;62,617748;29,553129;
61,169701,23,701929,413;23,701929,413;61,169701;23,701929;
62,615318,29,54007,414;29,54007,414;62,615318;29,54007;
65,184082,26,14603,415;26,14603,415;65,184082;26,14603;
60,61747,25,09816,416;25,09816,416;60,61747;25,09816;
60,135891,23,875851,417;23,875851,417;60,135891;23,875851;
61,464722,21,75638,418;21,75638,418;61,464722;21,75638;
60,784401,24,900141,419;24,900141,419;60,784401;24,900141;
65,305298,25,375,420;25,375,420;65,305298;25,375;
66,180328,25,26438,421;25,26438,421;66,180328;25,26438;
61,505348,23,844931,422;23,844931,422;61,505348;23,844931;
63,494999,27,27059,423;27,27059,423;63,494999;27,27059;
60,976292,26,596581,424;26,596581,424;60,976292;26,596581;
61,37999,21,962,425;21,962,425;61,37999;21,962;
60,11573,24,42334,426;24,42334,426;60,11573;24,42334;
60,627548,21,74251,427;21,74251,427;60,627548;21,74251;
62,909672,28,15836,428;28,15836,428;62,909672;28,15836;
60,251671,25,133579,429;25,133579,429;60,251671;25,133579;
63,345329,27,416599,430;27,416599,430;63,345329;27,416599;
66,379898,25,37973,431;25,37973,431;66,379898;25,37973;
61,892052,29,142811,432;29,142811,432;61,892052;29,142811;
60,640919,22,551531,433;22,551531,433;60,640919;22,551531;
63,02412,21,79377,434;21,79377,434;63,02412;21,79377;
61,732479,27,509649,435;27,509649,435;61,732479;27,509649;
66,365311,25,37133,436;25,37133,436;66,365311;25,37133;
61,262112,22,72867,437;22,72867,437;61,262112;22,72867;
63,71278,25,917219,438;25,917219,438;63,71278;25,917219;
60,060459,24,08112,439;24,08112,439;60,060459;24,08112;
63,14341,27,867479,440;27,867479,440;63,14341;27,867479;
62,238918,25,75206,441;25,75206,441;62,238918;25,75206;
62,658058,27,33889,442;27,33889,442;62,658058;27,33889;
61,912399,22,975901,443;22,975901,443;61,912399;22,975901;
65,26429,25,364309,444;25,364309,444;65,26429;25,364309;
61,48922,21,7799,445;21,7799,445;61,48922;21,7799;
63,147419,27,605909,446;27,605909,446;63,147419;27,605909;
62,402222,27,82472,447;27,82472,447;62,402222;27,82472;
61,17366,25,529819,448;25,529819,448;61,17366;25,529819;
62,558689,30,178631,449;30,178631,449;62,558689;30,178631;
61,15749,22,28648,450;22,28648,450;61,15749;22,28648;
62,716869,29,895399,451;29,895399,451;62,716869;29,895399;
62,475761,26,869551,452;26,869551,452;62,475761;26,869551;
62,585831,27,048059,453;27,048059,453;62,585831;27,048059;
61,495529,23,768761,454;23,768761,454;61,495529;23,768761;
61,94973,25,36071,455;25,36071,455;61,94973;25,36071;
62,27705,22,912479,456;22,912479,456;62,27705;22,912479;
62,487949,28,369221,457;28,369221,457;62,487949;28,369221;
65,399399,27,31963,458;27,31963,458;65,399399;27,31963;
60,56432,21,598761,459;21,598761,459;60,56432;21,598761;
60,39436,24,328751,460;24,328751,460;60,39436;24,328751;
60,78722,26,816669,461;26,816669,461;60,78722;26,816669;
61,70306,27,35556,462;27,35556,462;61,70306;27,35556;
60,533951,24,68593,463;24,68593,463;60,533951;24,68593;
62,512482,29,8953,464;29,8953,464;62,512482;29,8953;
60,52977,22,13868,465;22,13868,465;60,52977;22,13868;
62,23888,25,75181,466;25,75181,466;62,23888;25,75181;
60,288239,24,978849,467;24,978849,467;60,288239;24,978849;
60,605282,26,95389,468;26,95389,468;60,605282;26,95389;
63,461269,27,311951,469;27,311951,469;63,461269;27,311951;
62,783649,28,676451,470;28,676451,470;62,783649;28,676451;
60,262291,24,732719,471;24,732719,471;60,262291;24,732719;
62,444172,27,79917,472;27,79917,472;62,444172;27,79917;
60,984901,21,58766,473;21,58766,473;60,984901;21,58766;
62,36034,22,82057,474;22,82057,474;62,36034;22,82057;
61,306332,22,81308,475;22,81308,475;61,306332;22,81308;
65,375908,27,00321,476;27,00321,476;65,375908;27,00321;
62,678532,27,57716,477;27,57716,477;62,678532;27,57716;
62,435989,30,033581,478;30,033581,478;62,435989;30,033581;
61,016788,28,002701,479;28,002701,479;61,016788;28,002701;
64,279449,23,948481,480;23,948481,480;64,279449;23,948481;
63,209801,22,170349,481;22,170349,481;63,209801;22,170349;
63,40955,22,495119,482;22,495119,482;63,40955;22,495119;
61,48106,21,75672,483;21,75672,483;61,48106;21,75672;
61,814579,27,61767,484;27,61767,484;61,814579;27,61767;
65,597549,25,19492,485;25,19492,485;65,597549;25,19492;
60,829681,26,74078,486;26,74078,486;60,829681;26,74078;
62,703529,28,91061,487;28,91061,487;62,703529;28,91061;
60,910069,25,338671,488;25,338671,488;60,910069;25,338671;
60,958778,21,59551,489;21,59551,489;60,958778;21,59551;
64,776703,25,54825,490;25,54825,490;64,776703;25,54825;
60,616669,25,07937,491;25,07937,491;60,616669;25,07937;
60,962139,26,61083,492;26,61083,492;60,962139;26,61083;
60,988319,25,562269,493;25,562269,493;60,988319;25,562269;
61,118801,21,50662,494;21,50662,494;61,118801;21,50662;
61,9063,28,61269,495;28,61269,495;61,9063;28,61269;
65,364998,26,98806,496;26,98806,496;65,364998;26,98806;
64,266853,23,94928,497;23,94928,497;64,266853;23,94928;
65,400192,27,10689,498;27,10689,498;65,400192;27,10689;
60,932308,23,247499,499;23,247499,499;60,932308;23,247499;
60,99559,25,71958,500;25,71958,500;60,99559;25,71958;
60,502781,24,93232,501;24,93232,501;60,502781;24,93232;
60,308281,22,305201,502;22,305201,502;60,308281;22,305201;
60,33902,22,36442,503;22,36442,503;60,33902;22,36442;
64,590431,24,4069,504;24,4069,504;64,590431;24,4069;
61,494438,23,769329,505;23,769329,505;61,494438;23,769329;
63,410221,27,35578,506;27,35578,506;63,410221;27,35578;
62,819721,22,80817,507;22,80817,507;62,819721;22,80817;
60,974998,23,2325,508;23,2325,508;60,974998;23,2325;
60,65464,22,590059,509;22,590059,509;60,65464;22,590059;
62,138062,27,838329,510;27,838329,510;62,138062;27,838329;
65,529953,25,256981,511;25,256981,511;65,529953;25,256981;
60,748009,24,71595,512;24,71595,512;60,748009;24,71595;
62,79752,30,102209,513;30,102209,513;62,79752;30,102209;
61,100262,21,791639,514;21,791639,514;61,100262;21,791639;
61,73061,27,506929,515;27,506929,515;61,73061;27,506929;
62,17009,22,979931,516;22,979931,516;62,17009;22,979931;
63,130501,27,36306,517;27,36306,517;63,130501;27,36306;
62,969952,22,394569,518;22,394569,518;62,969952;22,394569;
60,832142,26,72998,519;26,72998,519;60,832142;26,72998;
61,05846,26,467119,520;26,467119,520;61,05846;26,467119;
66,083588,24,76569,521;24,76569,521;66,083588;24,76569;
62,683151,22,48185,522;22,48185,522;62,683151;22,48185;
62,581089,27,603809,523;27,603809,523;62,581089;27,603809;
62,593712,27,06978,524;27,06978,524;62,593712;27,06978;
62,63467,29,30534,525;29,30534,525;62,63467;29,30534;
60,867062,26,587999,526;26,587999,526;60,867062;26,587999;
65,289131,25,37421,527;25,37421,527;65,289131;25,37421;
61,139469,25,621201,528;25,621201,528;61,139469;25,621201;
61,152302,23,694,529;23,694,529;61,152302;23,694;
62,6157,27,073799,530;27,073799,530;62,6157;27,073799;
60,607422,24,06131,531;24,06131,531;60,607422;24,06131;
60,054169,23,99778,532;23,99778,532;60,054169;23,99778;
61,508911,27,23922,533;27,23922,533;61,508911;27,23922;
62,231441,30,315109,534;30,315109,534;62,231441;30,315109;
61,862782,22,9575,535;22,9575,535;61,862782;22,9575;
62,400639,22,79278,536;22,79278,536;62,400639;22,79278;
61,44556,26,68861,537;26,68861,537;61,44556;26,68861;
60,90461,26,931641,538;26,931641,538;60,90461;26,931641;
60,62291,22,057409,539;22,057409,539;60,62291;22,057409;
60,615379,24,91749,540;24,91749,540;60,615379;24,91749;
65,26606,26,64221,541;26,64221,541;65,26606;26,64221;
62,985001,21,994169,542;21,994169,542;62,985001;21,994169;
61,608059,23,348061,543;23,348061,543;61,608059;23,348061;
65,291847,25,37034,544;25,37034,544;65,291847;25,37034;
61,882858,28,779329,545;28,779329,545;61,882858;28,779329;
60,050621,23,954769,546;23,954769,546;60,050621;23,954769;
62,78772,28,650351,547;28,650351,547;62,78772;28,650351;
64,198402,23,752569,548;23,752569,548;64,198402;23,752569;
62,035339,23,02857,549;23,02857,549;62,035339;23,02857;
60,549061,22,124611,550;22,124611,550;60,549061;22,124611;
61,711109,27,451941,551;27,451941,551;61,711109;27,451941;
60,22654,24,033369,552;24,033369,552;60,22654;24,033369;
66,464859,25,605249,553;25,605249,553;66,464859;25,605249;
63,312389,22,38957,554;22,38957,554;63,312389;22,38957;
63,541451,22,697981,555;22,697981,555;63,541451;22,697981;
60,90353,27,127081,556;27,127081,556;60,90353;27,127081;
61,928928,25,345579,557;25,345579,557;61,928928;25,345579;
63,730671,23,01195,558;23,01195,558;63,730671;23,01195;
61,439442,26,674999,559;26,674999,559;61,439442;26,674999;
60,789951,24,94511,560;24,94511,560;60,789951;24,94511;
62,80648,30,137119,561;30,137119,561;62,80648;30,137119;
63,087688,21,72958,562;21,72958,562;63,087688;21,72958;
61,015079,26,95253,563;26,95253,563;61,015079;26,95253;
60,010319,23,54809,564;23,54809,564;60,010319;23,54809;
60,24778,22,241671,565;22,241671,565;60,24778;22,241671;
60,628391,21,897511,566;21,897511,566;60,628391;21,897511;
60,46056,24,947781,567;24,947781,567;60,46056;24,947781;
62,734669,22,606331,568;22,606331,568;62,734669;22,606331;
61,275501,24,344761,569;24,344761,569;61,275501;24,344761;
61,973461,25,39303,570;25,39303,570;61,973461;25,39303;
63,291031,22,369881,571;22,369881,571;63,291031;22,369881;
61,969719,25,386271,572;25,386271,572;61,969719;25,386271;
62,313911,27,885469,573;27,885469,573;62,313911;27,885469;
64,396111,25,834999,574;25,834999,574;64,396111;25,834999;
60,647598,21,86194,575;21,86194,575;60,647598;21,86194;
61,435001,26,559719,576;26,559719,576;61,435001;26,559719;
62,242191,22,93293,577;22,93293,577;62,242191;22,93293;
61,025219,25,67597,578;25,67597,578;61,025219;25,67597;
63,60857,22,786619,579;22,786619,579;63,60857;22,786619;
62,572811,29,833611,580;29,833611,580;62,572811;29,833611;
61,1558,21,58252,581;21,58252,581;61,1558;21,58252;
62,057739,27,807039,582;27,807039,582;62,057739;27,807039;
61,550522,21,58754,583;21,58754,583;61,550522;21,58754;
63,24839,22,27426,584;22,27426,584;63,24839;22,27426;
61,896648,29,18313,585;29,18313,585;61,896648;29,18313;
61,480358,21,74844,586;21,74844,586;61,480358;21,74844;
60,88892,26,35425,587;26,35425,587;60,88892;26,35425;
60,143768,23,890699,588;23,890699,588;60,143768;23,890699;
60,251759,24,7138,589;24,7138,589;60,251759;24,7138;
60,62714,25,285139,590;25,285139,590;60,62714;25,285139;
63,408051,22,492041,591;22,492041,591;63,408051;22,492041;
60,884331,26,731689,592;26,731689,592;60,884331;26,731689;
62,344151,30,11433,593;30,11433,593;62,344151;30,11433;
63,11306,27,64361,594;27,64361,594;63,11306;27,64361;
62,119209,25,65657,595;25,65657,595;62,119209;25,65657;
61,186619,23,718781,596;23,718781,596;61,186619;23,718781;
60,948391,26,844139,597;26,844139,597;60,948391;26,844139;
61,881512,29,050011,598;29,050011,598;61,881512;29,050011;
63,85228,23,212971,599;23,212971,599;63,85228;23,212971;
63,80838,23,107929,600;23,107929,600;63,80838;23,107929;
60,029331,23,588831,601;23,588831,601;60,029331;23,588831;
66,542229,25,81464,602;25,81464,602;66,542229;25,81464;
62,70047,28,96587,603;28,96587,603;62,70047;28,96587;
60,842812,23,01717,604;23,01717,604;60,842812;23,01717;
62,083328,27,821939,605;27,821939,605;62,083328;27,821939;
59,907909,23,25383,606;23,25383,606;59,907909;23,25383;
60,542881,24,222321,607;24,222321,607;60,542881;24,222321;
60,851891,25,183479,608;25,183479,608;60,851891;25,183479;
62,655102,22,43564,609;22,43564,609;62,655102;22,43564;
63,715561,25,916941,610;25,916941,610;63,715561;25,916941;
61,899399,27,9165,611;27,9165,611;61,899399;27,9165;
60,886059,26,837919,612;26,837919,612;60,886059;26,837919;
62,994171,21,955,613;21,955,613;62,994171;21,955;
61,307388,22,81522,614;22,81522,614;61,307388;22,81522;
64,241173,23,846781,615;23,846781,615;64,241173;23,846781;
60,286209,24,78775,616;24,78775,616;60,286209;24,78775;
60,649078,21,855249,617;21,855249,617;60,649078;21,855249;
61,334251,23,01478,618;23,01478,618;61,334251;23,01478;
62,957611,23,049089,619;23,049089,619;62,957611;23,049089;
61,038269,21,537769,620;21,537769,620;61,038269;21,537769;
60,079819,24,151569,621;24,151569,621;60,079819;24,151569;
60,876099,21,68886,622;21,68886,622;60,876099;21,68886;
62,513302,28,629419,623;28,629419,623;62,513302;28,629419;
62,528912,28,5469,624;28,5469,624;62,528912;28,5469;
60,866112,26,562281,625;26,562281,625;60,866112;26,562281;
60,62804,25,280251,626;25,280251,626;60,62804;25,280251;
61,071678,21,519239,627;21,519239,627;61,071678;21,519239;
61,233631,22,362579,628;22,362579,628;61,233631;22,362579;
61,526531,21,80261,629;21,80261,629;61,526531;21,80261;
61,557911,23,54944,630;23,54944,630;61,557911;23,54944;
60,360641,22,357759,631;22,357759,631;60,360641;22,357759;
61,480282,26,753059,632;26,753059,632;61,480282;26,753059;
61,388599,23,212469,633;23,212469,633;61,388599;23,212469;
65,348328,26,975,634;26,975,634;65,348328;26,975;
62,511108,26,89278,635;26,89278,635;62,511108;26,89278;
62,81815,28,47353,636;28,47353,636;62,81815;28,47353;
64,005203,23,53322,637;23,53322,637;64,005203;23,53322;
65,599533,25,193411,638;25,193411,638;65,599533;25,193411;
61,522739,21,65694,639;21,65694,639;61,522739;21,65694;
62,82198,22,91445,640;22,91445,640;62,82198;22,91445;
60,326469,24,645189,641;24,645189,641;60,326469;24,645189;
60,508492,22,13003,642;22,13003,642;60,508492;22,13003;
62,859169,22,755831,643;22,755831,643;62,859169;22,755831;
62,801949,30,11828,644;30,11828,644;62,801949;30,11828;
61,80806,22,963329,645;22,963329,645;61,80806;22,963329;
60,402672,25,03627,646;25,03627,646;60,402672;25,03627;
66,461197,25,59553,647;25,59553,647;66,461197;25,59553;
64,177773,25,803471,648;25,803471,648;64,177773;25,803471;
60,309151,22,30714,649;22,30714,649;60,309151;22,30714;
62,434341,30,0413,650;30,0413,650;62,434341;30,0413;
64,663254,24,474001,651;24,474001,651;64,663254;24,474001;
63,80814,26,93046,652;26,93046,652;63,80814;26,93046;
63,628578,22,84627,653;22,84627,653;63,628578;22,84627;
60,660461,26,88537,654;26,88537,654;60,660461;26,88537;
60,57383,22,09886,655;22,09886,655;60,57383;22,09886;
62,52404,22,692089,656;22,692089,656;62,52404;22,692089;
60,57019,21,99235,657;21,99235,657;60,57019;21,99235;
62,700562,27,48111,658;27,48111,658;62,700562;27,48111;
63,007721,22,170309,659;22,170309,659;63,007721;22,170309;
61,748219,27,15159,660;27,15159,660;61,748219;27,15159;
61,756569,23,045071,661;23,045071,661;61,756569;23,045071;
62,078892,27,819719,662;27,819719,662;62,078892;27,819719;
62,517929,28,65427,663;28,65427,663;62,517929;28,65427;
61,157108,22,28447,664;22,28447,664;61,157108;22,28447;
66,277061,25,332001,665;25,332001,665;66,277061;25,332001;
62,93536,27,945311,666;27,945311,666;62,93536;27,945311;
61,178169,24,560431,667;24,560431,667;61,178169;24,560431;
61,177959,22,5832,668;22,5832,668;61,177959;22,5832;
61,92382,29,271339,669;29,271339,669;61,92382;29,271339;
62,534821,27,64937,670;27,64937,670;62,534821;27,64937;
60,787811,24,133141,671;24,133141,671;60,787811;24,133141;
61,478691,21,770941,672;21,770941,672;61,478691;21,770941;
61,135231,21,56484,673;21,56484,673;61,135231;21,56484;
62,969971,27,83839,674;27,83839,674;62,969971;27,83839;
61,515091,27,242201,675;27,242201,675;61,515091;27,242201;
60,19389,21,90333,676;21,90333,676;60,19389;21,90333;
61,893341,29,14929,677;29,14929,677;61,893341;29,14929;
64,401421,24,08432,678;24,08432,678;64,401421;24,08432;
61,00296,25,30271,679;25,30271,679;61,00296;25,30271;
60,606621,24,87579,680;24,87579,680;60,606621;24,87579;
62,301811,27,9226,681;27,9226,681;62,301811;27,9226;
62,625198,22,426029,682;22,426029,682;62,625198;22,426029;
62,691029,22,45108,683;22,45108,683;62,691029;22,45108;
61,758621,27,566191,684;27,566191,684;61,758621;27,566191;
62,353062,27,816111,685;27,816111,685;62,353062;27,816111;
61,805531,29,28615,686;29,28615,686;61,805531;29,28615;
61,106201,23,609501,687;23,609501,687;61,106201;23,609501;
62,624561,22,42691,688;22,42691,688;62,624561;22,42691;
61,430828,21,73671,689;21,73671,689;61,430828;21,73671;
63,100288,27,737801,690;27,737801,690;63,100288;27,737801;
63,63398,22,86236,691;22,86236,691;63,63398;22,86236;
61,440601,24,12043,692;24,12043,692;61,440601;24,12043;
62,992069,21,96983,693;21,96983,693;62,992069;21,96983;
60,476669,24,940559,694;24,940559,694;60,476669;24,940559;
60,986832,25,40099,695;25,40099,695;60,986832;25,40099;
61,838451,27,6602,696;27,6602,696;61,838451;27,6602;
66,003258,24,699409,697;24,699409,697;66,003258;24,699409;
62,759609,22,665859,698;22,665859,698;62,759609;22,665859;
61,435501,27,29171,699;27,29171,699;61,435501;27,29171;
61,170181,25,54952,700;25,54952,700;61,170181;25,54952;
60,984589,21,58814,701;21,58814,701;60,984589;21,58814;
65,266212,26,63237,702;26,63237,702;65,266212;26,63237;
61,65361,27,139441,703;27,139441,703;61,65361;27,139441;
61,503349,23,746481,704;23,746481,704;61,503349;23,746481;
61,06955,23,525049,705;23,525049,705;61,06955;23,525049;
62,936852,22,507469,706;22,507469,706;62,936852;22,507469;
62,527679,28,552731,707;28,552731,707;62,527679;28,552731;
60,851311,21,758499,708;21,758499,708;60,851311;21,758499;
62,63311,29,353849,709;29,353849,709;62,63311;29,353849;
61,897301,27,848829,710;27,848829,710;61,897301;27,848829;
62,595871,27,60639,711;27,60639,711;62,595871;27,60639;
60,959179,27,7967,712;27,7967,712;60,959179;27,7967;
63,60268,27,1546,713;27,1546,713;63,60268;27,1546;
62,091469,23,04509,714;23,04509,714;62,091469;23,04509;
60,620361,25,004539,715;25,004539,715;60,620361;25,004539;
61,585449,21,85178,716;21,85178,716;61,585449;21,85178;
63,152489,21,807159,717;21,807159,717;63,152489;21,807159;
63,612061,26,90724,718;26,90724,718;63,612061;26,90724;
63,628719,27,224859,719;27,224859,719;63,628719;27,224859;
62,650211,27,365919,720;27,365919,720;62,650211;27,365919;
60,851601,25,176451,721;25,176451,721;60,851601;25,176451;
63,44426,22,566561,722;22,566561,722;63,44426;22,566561;
60,543541,22,12903,723;22,12903,723;60,543541;22,12903;
61,352951,24,24963,724;24,24963,724;61,352951;24,24963;
61,534439,26,879169,725;26,879169,725;61,534439;26,879169;
61,877998,28,81529,726;28,81529,726;61,877998;28,81529;
62,508659,22,72513,727;22,72513,727;62,508659;22,72513;
62,021069,25,56868,728;25,56868,728;62,021069;25,56868;
61,115101,23,64715,729;23,64715,729;61,115101;23,64715;
60,303612,22,29306,730;22,29306,730;60,303612;22,29306;
65,125999,25,76601,731;25,76601,731;65,125999;25,76601;
64,408142,24,106689,732;24,106689,732;64,408142;24,106689;
60,5695,24,16869,733;24,16869,733;60,5695;24,16869;
60,821918,26,78694,734;26,78694,734;60,821918;26,78694;
62,799751,28,50654,735;28,50654,735;62,799751;28,50654;
60,844631,26,698879,736;26,698879,736;60,844631;26,698879;
61,68478,27,22858,737;27,22858,737;61,68478;27,22858;
61,400749,27,363939,738;27,363939,738;61,400749;27,363939;
60,91309,27,34893,739;27,34893,739;60,91309;27,34893;
64,228477,23,813169,740;23,813169,740;64,228477;23,813169;
63,802181,26,945629,741;26,945629,741;63,802181;26,945629;
60,743671,24,64344,742;24,64344,742;60,743671;24,64344;
61,897511,28,68936,743;28,68936,743;61,897511;28,68936;
61,46558,24,026581,744;24,026581,744;61,46558;24,026581;
65,521042,25,268021,745;25,268021,745;65,521042;25,268021;
61,592571,21,858311,746;21,858311,746;61,592571;21,858311;
61,97377,27,803801,747;27,803801,747;61,97377;27,803801;
61,70472,27,3375,748;27,3375,748;61,70472;27,3375;
62,716122,27,524151,749;27,524151,749;62,716122;27,524151;
60,176922,23,982861,750;23,982861,750;60,176922;23,982861;
63,077839,27,594669,751;27,594669,751;63,077839;27,594669;
63,864311,23,339479,752;23,339479,752;63,864311;23,339479;
61,697899,27,22156,753;27,22156,753;61,697899;27,22156;
63,162281,27,302891,754;27,302891,754;63,162281;27,302891;
60,548069,24,74873,755;24,74873,755;60,548069;24,74873;
61,095589,24,89176,756;24,89176,756;61,095589;24,89176;
62,972069,22,025949,757;22,025949,757;62,972069;22,025949;
62,872101,28,318251,758;28,318251,758;62,872101;28,318251;
61,714088,27,45796,759;27,45796,759;61,714088;27,45796;
61,707909,23,148491,760;23,148491,760;61,707909;23,148491;
62,52702,22,68515,761;22,68515,761;62,52702;22,68515;
60,909691,26,75733,762;26,75733,762;60,909691;26,75733;
61,2635,22,72933,763;22,72933,763;61,2635;22,72933;
62,929939,28,07275,764;28,07275,764;62,929939;28,07275;
61,11274,21,724461,765;21,724461,765;61,11274;21,724461;
61,313671,22,10894,766;22,10894,766;61,313671;22,10894;
61,03746,26,557911,767;26,557911,767;61,03746;26,557911;
60,3055,24,74435,768;24,74435,768;60,3055;24,74435;
63,711319,22,98712,769;22,98712,769;63,711319;22,98712;
62,37468,28,11561,770;28,11561,770;62,37468;28,11561;
62,398609,27,821939,771;27,821939,771;62,398609;27,821939;
60,172779,21,566389,772;21,566389,772;60,172779;21,566389;
60,649059,22,566,773;22,566,773;60,649059;22,566;
61,061081,26,45731,774;26,45731,774;61,061081;26,45731;
66,092598,24,779039,775;24,779039,775;66,092598;24,779039;
62,339561,28,042391,776;28,042391,776;62,339561;28,042391;
62,556801,29,8384,777;29,8384,777;62,556801;29,8384;
61,813889,22,349331,778;22,349331,778;61,813889;22,349331;
60,626308,25,22044,779;25,22044,779;60,626308;25,22044;
61,17654,25,5191,780;25,5191,780;61,17654;25,5191;
62,40686,30,088091,781;30,088091,781;62,40686;30,088091;
61,309021,21,66428,782;21,66428,782;61,309021;21,66428;
65,466263,25,37084,783;25,37084,783;65,466263;25,37084;
61,877899,28,82349,784;28,82349,784;61,877899;28,82349;
60,075539,23,711519,785;23,711519,785;60,075539;23,711519;
64,266403,25,86722,786;25,86722,786;64,266403;25,86722;
60,538609,24,899719,787;24,899719,787;60,538609;24,899719;
60,734039,21,937201,788;21,937201,788;60,734039;21,937201;
61,433331,23,41144,789;23,41144,789;61,433331;23,41144;
60,328049,25,482281,790;25,482281,790;60,328049;25,482281;
64,21286,23,78064,791;23,78064,791;64,21286;23,78064;
61,738468,29,39484,792;29,39484,792;61,738468;29,39484;
60,21854,24,640301,793;24,640301,793;60,21854;24,640301;
62,93972,27,91037,794;27,91037,794;62,93972;27,91037;
62,314449,27,89628,795;27,89628,795;62,314449;27,89628;
61,486271,23,76565,796;23,76565,796;61,486271;23,76565;
61,839111,27,0389,797;27,0389,797;61,839111;27,0389;
63,3773,27,39465,798;27,39465,798;63,3773;27,39465;
62,462891,28,320061,799;28,320061,799;62,462891;28,320061;
60,39473,25,06735,800;25,06735,800;60,39473;25,06735;
60,714279,24,482361,801;24,482361,801;60,714279;24,482361;
61,332779,26,166389,802;26,166389,802;61,332779;26,166389;
62,98418,27,740379,803;27,740379,803;62,98418;27,740379;
61,423351,23,33884,804;23,33884,804;61,423351;23,33884;
63,933949,23,43672,805;23,43672,805;63,933949;23,43672;
62,415791,22,791201,806;22,791201,806;62,415791;22,791201;
65,131943,25,799721,807;25,799721,807;65,131943;25,799721;
62,789761,30,08242,808;30,08242,808;62,789761;30,08242;
61,90464,29,253639,809;29,253639,809;61,90464;29,253639;
63,539391,22,69499,810;22,69499,810;63,539391;22,69499;
61,93671,25,34903,811;25,34903,811;61,93671;25,34903;
62,056709,27,80636,812;27,80636,812;62,056709;27,80636;
60,796501,22,91197,813;22,91197,813;60,796501;22,91197;
62,656101,22,435011,814;22,435011,814;62,656101;22,435011;
61,49173,23,770679,815;23,770679,815;61,49173;23,770679;
60,921619,26,009069,816;26,009069,816;60,921619;26,009069;
64,251877,23,915199,817;23,915199,817;64,251877;23,915199;
61,055012,25,00259,818;25,00259,818;61,055012;25,00259;
60,911049,21,634411,819;21,634411,819;60,911049;21,634411;
61,50317,23,74716,820;23,74716,820;61,50317;23,74716;
62,498192,27,748631,821;27,748631,821;62,498192;27,748631;
61,640251,27,25374,822;27,25374,822;61,640251;27,25374;
62,63966,27,60931,823;27,60931,823;62,63966;27,60931;
63,160469,21,950609,824;21,950609,824;63,160469;21,950609;
63,60725,27,153811,825;27,153811,825;63,60725;27,153811;
63,440762,22,561411,826;22,561411,826;63,440762;22,561411;
60,341911,24,56451,827;24,56451,827;60,341911;24,56451;
60,39555,25,097219,828;25,097219,828;60,39555;25,097219;
60,15699,24,541491,829;24,541491,829;60,15699;24,541491;
61,318279,22,86886,830;22,86886,830;61,318279;22,86886;
62,982559,27,727949,831;27,727949,831;62,982559;27,727949;
61,162411,22,314859,832;22,314859,832;61,162411;22,314859;
61,456841,23,483629,833;23,483629,833;61,456841;23,483629;
61,576172,21,545891,834;21,545891,834;61,576172;21,545891;
62,66164,27,601151,835;27,601151,835;62,66164;27,601151;
60,542782,24,869169,836;24,869169,836;60,542782;24,869169;
60,827122,25,076269,837;25,076269,837;60,827122;25,076269;
61,35865,21,650209,838;21,650209,838;61,35865;21,650209;
63,670238,27,29529,839;27,29529,839;63,670238;27,29529;
62,359921,22,82155,840;22,82155,840;62,359921;22,82155;
61,023869,26,583019,841;26,583019,841;61,023869;26,583019;
60,863338,25,239599,842;25,239599,842;60,863338;25,239599;
64,678726,24,523769,843;24,523769,843;64,678726;24,523769;
61,492069,23,771681,844;23,771681,844;61,492069;23,771681;
60,599918,22,07202,845;22,07202,845;60,599918;22,07202;
60,719158,26,855129,846;26,855129,846;60,719158;26,855129;
64,261673,25,865561,847;25,865561,847;64,261673;25,865561;
60,861019,26,792549,848;26,792549,848;60,861019;26,792549;
61,49498,23,76903,849;23,76903,849;61,49498;23,76903;
60,771221,24,78373,850;24,78373,850;60,771221;24,78373;
61,097759,21,847361,851;21,847361,851;61,097759;21,847361;
60,72197,24,438919,852;24,438919,852;60,72197;24,438919;
64,687782,24,59635,853;24,59635,853;64,687782;24,59635;
62,809849,30,161421,854;30,161421,854;62,809849;30,161421;
61,118729,21,5068,855;21,5068,855;61,118729;21,5068;
62,455002,26,82583,856;26,82583,856;62,455002;26,82583;
62,45295,28,281521,857;28,281521,857;62,45295;28,281521;
65,844429,24,518391,858;24,518391,858;65,844429;24,518391;
62,918152,28,13027,859;28,13027,859;62,918152;28,13027;
61,451012,27,267771,860;27,267771,860;61,451012;27,267771;
62,79184,22,744539,861;22,744539,861;62,79184;22,744539;
61,49398,23,769899,862;23,769899,862;61,49398;23,769899;
63,084171,27,647221,863;27,647221,863;63,084171;27,647221;
63,018742,21,818649,864;21,818649,864;63,018742;21,818649;
62,46497,29,99543,865;29,99543,865;62,46497;29,99543;
62,14537,30,04615,866;30,04615,866;62,14537;30,04615;
61,171982,21,638981,867;21,638981,867;61,171982;21,638981;
61,1049,21,77014,868;21,77014,868;61,1049;21,77014;
60,06078,24,02936,869;24,02936,869;60,06078;24,02936;
63,15905,21,84033,870;21,84033,870;63,15905;21,84033;
62,638168,27,13669,871;27,13669,871;62,638168;27,13669;
64,506157,25,659479,872;25,659479,872;64,506157;25,659479;
60,793732,25,01054,873;25,01054,873;60,793732;25,01054;
60,652222,22,57736,874;22,57736,874;60,652222;22,57736;
62,667599,29,133579,875;29,133579,875;62,667599;29,133579;
63,251751,22,277121,876;22,277121,876;63,251751;22,277121;
64,05957,23,651251,877;23,651251,877;64,05957;23,651251;
61,76717,27,126181,878;27,126181,878;61,76717;27,126181;
63,64806,26,68442,879;26,68442,879;63,64806;26,68442;
60,543961,24,21962,880;24,21962,880;60,543961;24,21962;
60,186729,24,57259,881;24,57259,881;60,186729;24,57259;
60,92746,21,61343,882;21,61343,882;60,92746;21,61343;
63,087189,27,54933,883;27,54933,883;63,087189;27,54933;
60,170479,24,94256,884;24,94256,884;60,170479;24,94256;
64,794327,25,53182,885;25,53182,885;64,794327;25,53182;
61,813801,22,348261,886;22,348261,886;61,813801;22,348261;
61,847149,25,15094,887;25,15094,887;61,847149;25,15094;
60,863831,26,79026,888;26,79026,888;60,863831;26,79026;
62,972221,27,82078,889;27,82078,889;62,972221;27,82078;
61,184101,23,78981,890;23,78981,890;61,184101;23,78981;
59,8657,23,066441,891;23,066441,891;59,8657;23,066441;
